{"cameraMode":{"drawMode":0,"name":"Shaded","section":"Shading Mode"},"sceneLighting":true,"audioPlay":false,"sceneViewState":{"showFog":true,"showMaterialUpdate":false,"showSkybox":true,"showFlares":true,"showImageEffects":true,"showParticleSystems":true},"in2DMode":false,"pivot":{"x":20.68979263305664,"y":1.2031478881835938,"z":99.86788177490235},"rotation":{"x":-0.1666225641965866,"y":0.24333439767360688,"z":-0.042474180459976199,"w":-0.9545800089836121},"size":66.80872344970703,"orthographic":false}